[
    {
        "country": {
            "name": "Singapore",
            "iso3Code": "SGP",
            "iso2Code": "SG"
        },
        "currencies": [
            {
                "name": "Singapore dollar",
                "iso3Code": "SGD",
                "symbol": "$",
                "decimalPlaces": 2,
                "roundDirection": "STANDARD"
            }
        ]
    },
    {
        "country": {
            "name": "Ireland",
            "iso3Code": "IRL",
            "iso2Code": "IE"
        },
        "currencies": [
            {
                "name": "Euro",
                "iso3Code": "EUR",
                "symbol": "€",
                "decimalPlaces": 2,
                "roundDirection": "STANDARD"
            }
        ]
    },
    {
        "country": {
            "name": "Finland",
            "iso3Code": "FIN",
            "iso2Code": "FI"
        },
        "currencies": [
            {
                "name": "Euro",
                "iso3Code": "EUR",
                "symbol": "€",
                "decimalPlaces": 2,
                "roundDirection": "STANDARD"
            }
        ]
    },
    {
        "country": {
            "name": "Spain",
            "iso3Code": "ESP",
            "iso2Code": "ES"
        },
        "currencies": [
            {
                "name": "Euro",
                "iso3Code": "EUR",
                "symbol": "€",
                "decimalPlaces": 2,
                "roundDirection": "STANDARD"
            }
        ]
    },
    {
        "country": {
            "name": "Guadeloupe",
            "iso3Code": "GLP",
            "iso2Code": "GP"
        },
        "currencies": [
            {
                "name": "Euro",
                "iso3Code": "EUR",
                "symbol": "€",
                "decimalPlaces": 2,
                "roundDirection": "STANDARD"
            }
        ]
    },
    {
        "country": {
            "name": "Malta",
            "iso3Code": "MLT",
            "iso2Code": "MT"
        },
        "currencies": [
            {
                "name": "Euro",
                "iso3Code": "EUR",
                "symbol": "€",
                "decimalPlaces": 2,
                "roundDirection": "STANDARD"
            }
        ]
    },
    {
        "country": {
            "name": "Poland",
            "iso3Code": "POL",
            "iso2Code": "PL"
        },
        "currencies": [
            {
                "name": "Polish złoty",
                "iso3Code": "PLN",
                "symbol": "zł",
                "decimalPlaces": 2,
                "roundDirection": "STANDARD"
            }
        ]
    },
    {
        "country": {
            "name": "Sweden",
            "iso3Code": "SWE",
            "iso2Code": "SE"
        },
        "currencies": [
            {
                "name": "Swedish krona",
                "iso3Code": "SEK",
                "symbol": "kr",
                "decimalPlaces": 2,
                "roundDirection": "STANDARD"
            }
        ]
    },
    {
        "country": {
            "name": "San Marino",
            "iso3Code": "SMR",
            "iso2Code": "SM"
        },
        "currencies": [
            {
                "name": "Euro",
                "iso3Code": "EUR",
                "symbol": "€",
                "decimalPlaces": 2,
                "roundDirection": "STANDARD"
            }
        ]
    },
    {
        "country": {
            "name": "Kenya",
            "iso3Code": "KEN",
            "iso2Code": "KE"
        },
        "currencies": [
            {
                "name": "Kenyan shilling",
                "iso3Code": "KES",
                "symbol": "KSh",
                "decimalPlaces": 0,
                "roundDirection": "STANDARD"
            }
        ]
    },
    {
        "country": {
            "name": "Turkey",
            "iso3Code": "TUR",
            "iso2Code": "TR"
        },
        "currencies": [
            {
                "name": "Turkish lira",
                "iso3Code": "TRY",
                "symbol": "₺",
                "decimalPlaces": 2,
                "roundDirection": "STANDARD"
            }
        ]
    },
    {
        "country": {
            "name": "Latvia",
            "iso3Code": "LVA",
            "iso2Code": "LV"
        },
        "currencies": [
            {
                "name": "Euro",
                "iso3Code": "EUR",
                "symbol": "€",
                "decimalPlaces": 2,
                "roundDirection": "STANDARD"
            }
        ]
    },
    {
        "country": {
            "name": "United Arab Emirates",
            "iso3Code": "ARE",
            "iso2Code": "AE"
        },
        "currencies": [
            {
                "name": "United Arab Emirates dirham",
                "iso3Code": "AED",
                "symbol": "إ.د",
                "decimalPlaces": 2,
                "roundDirection": "STANDARD"
            }
        ]
    },
    {
        "country": {
            "name": "Gambia The",
            "iso3Code": "GMB",
            "iso2Code": "GM"
        },
        "currencies": [
            {
                "name": "Gambian dalasi",
                "iso3Code": "GMD",
                "symbol": "D",
                "decimalPlaces": 2,
                "roundDirection": "STANDARD"
            }
        ]
    },
    {
        "country": {
            "name": "Indonesia",
            "iso3Code": "IDN",
            "iso2Code": "ID"
        },
        "currencies": [
            {
                "name": "Indonesian rupiah",
                "iso3Code": "IDR",
                "symbol": "Rp",
                "decimalPlaces": 0,
                "roundDirection": "UP"
            }
        ]
    },
    {
        "country": {
            "name": "Malaysia",
            "iso3Code": "MYS",
            "iso2Code": "MY"
        },
        "currencies": [
            {
                "name": "Malaysian ringgit",
                "iso3Code": "MYR",
                "symbol": "RM",
                "decimalPlaces": 2,
                "roundDirection": "STANDARD"
            }
        ]
    },
    {
        "country": {
            "name": "Hong Kong S.A.R.",
            "iso3Code": "HKG",
            "iso2Code": "HK"
        },
        "currencies": [
            {
                "name": "Hong Kong dollar",
                "iso3Code": "HKD",
                "symbol": "$",
                "decimalPlaces": 2,
                "roundDirection": "STANDARD"
            }
        ]
    },
    {
        "country": {
            "name": "Dominican Republic",
            "iso3Code": "DOM",
            "iso2Code": "DO"
        },
        "currencies": [
            {
                "name": "Dominican peso",
                "iso3Code": "DOP",
                "symbol": "$",
                "decimalPlaces": 0,
                "roundDirection": "STANDARD"
            }
        ]
    },
    {
        "country": {
            "name": "Bahrain",
            "iso3Code": "BHR",
            "iso2Code": "BH"
        },
        "currencies": [
            {
                "name": "Bahraini dinar",
                "iso3Code": "BHD",
                "symbol": ".د.ب",
                "decimalPlaces": 2,
                "roundDirection": "STANDARD"
            }
        ]
    },
    {
        "country": {
            "name": "Austria",
            "iso3Code": "AUT",
            "iso2Code": "AT"
        },
        "currencies": [
            {
                "name": "Euro",
                "iso3Code": "EUR",
                "symbol": "€",
                "decimalPlaces": 2,
                "roundDirection": "STANDARD"
            }
        ]
    },
    {
        "country": {
            "name": "Cameroon",
            "iso3Code": "CMR",
            "iso2Code": "CM"
        },
        "currencies": [
            {
                "name": "Central African CFA franc",
                "iso3Code": "XAF",
                "symbol": "FCFA",
                "decimalPlaces": 0,
                "roundDirection": "STANDARD"
            }
        ]
    },
    {
        "country": {
            "name": "French Guiana",
            "iso3Code": "GUF",
            "iso2Code": "GF"
        },
        "currencies": [
            {
                "name": "Euro",
                "iso3Code": "EUR",
                "symbol": "€",
                "decimalPlaces": 2,
                "roundDirection": "STANDARD"
            }
        ]
    },
    {
        "country": {
            "name": "Thailand",
            "iso3Code": "THA",
            "iso2Code": "TH"
        },
        "currencies": [
            {
                "name": "Thai baht",
                "iso3Code": "THB",
                "symbol": "฿",
                "decimalPlaces": 0,
                "roundDirection": "STANDARD"
            }
        ]
    },
    {
        "country": {
            "name": "Togo",
            "iso3Code": "TGO",
            "iso2Code": "TG"
        },
        "currencies": [
            {
                "name": "West African CFA franc",
                "iso3Code": "XOF",
                "symbol": "CFA",
                "decimalPlaces": 0,
                "roundDirection": "STANDARD"
            }
        ]
    },
    {
        "country": {
            "name": "Italy",
            "iso3Code": "ITA",
            "iso2Code": "IT"
        },
        "currencies": [
            {
                "name": "Euro",
                "iso3Code": "EUR",
                "symbol": "€",
                "decimalPlaces": 2,
                "roundDirection": "STANDARD"
            }
        ]
    },
    {
        "country": {
            "name": "Netherlands",
            "iso3Code": "NLD",
            "iso2Code": "NL"
        },
        "currencies": [
            {
                "name": "Euro",
                "iso3Code": "EUR",
                "symbol": "€",
                "decimalPlaces": 2,
                "roundDirection": "STANDARD"
            }
        ]
    },
    {
        "country": {
            "name": "Colombia",
            "iso3Code": "COL",
            "iso2Code": "CO"
        },
        "currencies": [
            {
                "name": "Colombian peso",
                "iso3Code": "COP",
                "symbol": "$",
                "decimalPlaces": 0,
                "roundDirection": "UP"
            }
        ]
    },
    {
        "country": {
            "name": "Senegal",
            "iso3Code": "SEN",
            "iso2Code": "SN"
        },
        "currencies": [
            {
                "name": "West African CFA franc",
                "iso3Code": "XOF",
                "symbol": "CFA",
                "decimalPlaces": 0,
                "roundDirection": "STANDARD"
            }
        ]
    },
    {
        "country": {
            "name": "Ethiopia",
            "iso3Code": "ETH",
            "iso2Code": "ET"
        },
        "currencies": [
            {
                "name": "Ethiopian birr",
                "iso3Code": "ETB",
                "symbol": "Nkf",
                "decimalPlaces": 0,
                "roundDirection": "STANDARD"
            }
        ]
    },
    {
        "country": {
            "name": "Cote D'Ivoire (Ivory Coast)",
            "iso3Code": "CIV",
            "iso2Code": "CI"
        },
        "currencies": [
            {
                "name": "West African CFA franc",
                "iso3Code": "XOF",
                "symbol": "CFA",
                "decimalPlaces": 0,
                "roundDirection": "STANDARD"
            }
        ]
    },
    {
        "country": {
            "name": "Cyprus",
            "iso3Code": "CYP",
            "iso2Code": "CY"
        },
        "currencies": [
            {
                "name": "Euro",
                "iso3Code": "EUR",
                "symbol": "€",
                "decimalPlaces": 2,
                "roundDirection": "STANDARD"
            }
        ]
    },
    {
        "country": {
            "name": "Greece",
            "iso3Code": "GRC",
            "iso2Code": "GR"
        },
        "currencies": [
            {
                "name": "Euro",
                "iso3Code": "EUR",
                "symbol": "€",
                "decimalPlaces": 2,
                "roundDirection": "STANDARD"
            }
        ]
    },
    {
        "country": {
            "name": "Germany",
            "iso3Code": "DEU",
            "iso2Code": "DE"
        },
        "currencies": [
            {
                "name": "Euro",
                "iso3Code": "EUR",
                "symbol": "€",
                "decimalPlaces": 2,
                "roundDirection": "STANDARD"
            }
        ]
    },
    {
        "country": {
            "name": "Slovenia",
            "iso3Code": "SVN",
            "iso2Code": "SI"
        },
        "currencies": [
            {
                "name": "Euro",
                "iso3Code": "EUR",
                "symbol": "€",
                "decimalPlaces": 2,
                "roundDirection": "STANDARD"
            }
        ]
    },
    {
        "country": {
            "name": "Jordan",
            "iso3Code": "JOR",
            "iso2Code": "JO"
        },
        "currencies": [
            {
                "name": "Jordanian dinar",
                "iso3Code": "JOD",
                "symbol": "ا.د",
                "decimalPlaces": 3,
                "roundDirection": "STANDARD"
            }
        ]
    },
    {
        "country": {
            "name": "Mexico",
            "iso3Code": "MEX",
            "iso2Code": "MX"
        },
        "currencies": [
            {
                "name": "Mexican peso",
                "iso3Code": "MXN",
                "symbol": "$",
                "decimalPlaces": 2,
                "roundDirection": "STANDARD"
            }
        ]
    },
    {
        "country": {
            "name": "Pakistan",
            "iso3Code": "PAK",
            "iso2Code": "PK"
        },
        "currencies": [
            {
                "name": "Pakistani rupee",
                "iso3Code": "PKR",
                "symbol": "₨",
                "decimalPlaces": 2,
                "roundDirection": "STANDARD"
            }
        ]
    },
    {
        "country": {
            "name": "Sri Lanka",
            "iso3Code": "LKA",
            "iso2Code": "LK"
        },
        "currencies": [
            {
                "name": "Sri Lankan rupee",
                "iso3Code": "LKR",
                "symbol": "Rs",
                "decimalPlaces": 0,
                "roundDirection": "STANDARD"
            }
        ]
    },
    {
        "country": {
            "name": "Bangladesh",
            "iso3Code": "BGD",
            "iso2Code": "BD"
        },
        "currencies": [
            {
                "name": "Bangladeshi taka",
                "iso3Code": "BDT",
                "symbol": "৳",
                "decimalPlaces": 2,
                "roundDirection": "STANDARD"
            }
        ]
    },
    {
        "country": {
            "name": "Estonia",
            "iso3Code": "EST",
            "iso2Code": "EE"
        },
        "currencies": [
            {
                "name": "Euro",
                "iso3Code": "EUR",
                "symbol": "€",
                "decimalPlaces": 2,
                "roundDirection": "STANDARD"
            }
        ]
    },
    {
        "country": {
            "name": "France",
            "iso3Code": "FRA",
            "iso2Code": "FR"
        },
        "currencies": [
            {
                "name": "Euro",
                "iso3Code": "EUR",
                "symbol": "€",
                "decimalPlaces": 2,
                "roundDirection": "STANDARD"
            }
        ]
    },
    {
        "country": {
            "name": "United Kingdom",
            "iso3Code": "GBR",
            "iso2Code": "GB"
        },
        "currencies": [
            {
                "name": "British pound",
                "iso3Code": "GBP",
                "symbol": "£",
                "decimalPlaces": 2,
                "roundDirection": "STANDARD"
            }
        ]
    },
    {
        "country": {
            "name": "Kuwait",
            "iso3Code": "KWT",
            "iso2Code": "KW"
        },
        "currencies": [
            {
                "name": "Kuwaiti dinar",
                "iso3Code": "KWD",
                "symbol": "ك.د",
                "decimalPlaces": 3,
                "roundDirection": "STANDARD"
            }
        ]
    },
    {
        "country": {
            "name": "Canada",
            "iso3Code": "CAN",
            "iso2Code": "CA"
        },
        "currencies": [
            {
                "name": "Canadian dollar",
                "iso3Code": "CAD",
                "symbol": "$",
                "decimalPlaces": 2,
                "roundDirection": "STANDARD"
            }
        ]
    },
    {
        "country": {
            "name": "Norway",
            "iso3Code": "NOR",
            "iso2Code": "NO"
        },
        "currencies": [
            {
                "name": "Norwegian Krone",
                "iso3Code": "NOK",
                "symbol": "kr",
                "decimalPlaces": 2,
                "roundDirection": "STANDARD"
            }
        ]
    },
    {
        "country": {
            "name": "Argentina",
            "iso3Code": "ARG",
            "iso2Code": "AR"
        },
        "currencies": [
            {
                "name": "Argentine peso",
                "iso3Code": "ARS",
                "symbol": "$",
                "decimalPlaces": 2,
                "roundDirection": "STANDARD"
            }
        ]
    },
    {
        "country": {
            "name": "Denmark",
            "iso3Code": "DNK",
            "iso2Code": "DK"
        },
        "currencies": [
            {
                "name": "Danish krone",
                "iso3Code": "DKK",
                "symbol": "Kr.",
                "decimalPlaces": 2,
                "roundDirection": "STANDARD"
            }
        ]
    },
    {
        "country": {
            "name": "Portugal",
            "iso3Code": "PRT",
            "iso2Code": "PT"
        },
        "currencies": [
            {
                "name": "Euro",
                "iso3Code": "EUR",
                "symbol": "€",
                "decimalPlaces": 2,
                "roundDirection": "STANDARD"
            }
        ]
    },
    {
        "country": {
            "name": "Qatar",
            "iso3Code": "QAT",
            "iso2Code": "QA"
        },
        "currencies": [
            {
                "name": "Qatari riyal",
                "iso3Code": "QAR",
                "symbol": "ق.ر",
                "decimalPlaces": 2,
                "roundDirection": "STANDARD"
            }
        ]
    },
    {
        "country": {
            "name": "Oman",
            "iso3Code": "OMN",
            "iso2Code": "OM"
        },
        "currencies": [
            {
                "name": "Omani rial",
                "iso3Code": "OMR",
                "symbol": ".ع.ر",
                "decimalPlaces": 3,
                "roundDirection": "STANDARD"
            }
        ]
    },
    {
        "country": {
            "name": "Martinique",
            "iso3Code": "MTQ",
            "iso2Code": "MQ"
        },
        "currencies": [
            {
                "name": "Euro",
                "iso3Code": "EUR",
                "symbol": "€",
                "decimalPlaces": 2,
                "roundDirection": "STANDARD"
            }
        ]
    },
    {
        "country": {
            "name": "Uganda",
            "iso3Code": "UGA",
            "iso2Code": "UG"
        },
        "currencies": [
            {
                "name": "Ugandan shilling",
                "iso3Code": "UGX",
                "symbol": "USh",
                "decimalPlaces": 0,
                "roundDirection": "UP"
            }
        ]
    },
    {
        "country": {
            "name": "Reunion",
            "iso3Code": "REU",
            "iso2Code": "RE"
        },
        "currencies": [
            {
                "name": "Euro",
                "iso3Code": "EUR",
                "symbol": "€",
                "decimalPlaces": 2,
                "roundDirection": "STANDARD"
            }
        ]
    },
    {
        "country": {
            "name": "United States",
            "iso3Code": "USA",
            "iso2Code": "US"
        },
        "currencies": [
            {
                "name": "US Dollar",
                "iso3Code": "USD",
                "symbol": "$",
                "decimalPlaces": 2,
                "roundDirection": "STANDARD"
            }
        ]
    },
    {
        "country": {
            "name": "Belgium",
            "iso3Code": "BEL",
            "iso2Code": "BE"
        },
        "currencies": [
            {
                "name": "Euro",
                "iso3Code": "EUR",
                "symbol": "€",
                "decimalPlaces": 2,
                "roundDirection": "STANDARD"
            }
        ]
    },
    {
        "country": {
            "name": "Japan",
            "iso3Code": "JPN",
            "iso2Code": "JP"
        },
        "currencies": [
            {
                "name": "Japanese yen",
                "iso3Code": "JPY",
                "symbol": "¥",
                "decimalPlaces": 0,
                "roundDirection": "STANDARD"
            }
        ]
    },
    {
        "country": {
            "name": "Romania",
            "iso3Code": "ROU",
            "iso2Code": "RO"
        },
        "currencies": [
            {
                "name": "Romanian leu",
                "iso3Code": "RON",
                "symbol": "lei",
                "decimalPlaces": 2,
                "roundDirection": "STANDARD"
            }
        ]
    },
    {
        "country": {
            "name": "India",
            "iso3Code": "IND",
            "iso2Code": "IN"
        },
        "currencies": [
            {
                "name": "Indian rupee",
                "iso3Code": "INR",
                "symbol": "₹",
                "decimalPlaces": 2,
                "roundDirection": "STANDARD"
            }
        ]
    },
    {
        "country": {
            "name": "Philippines",
            "iso3Code": "PHL",
            "iso2Code": "PH"
        },
        "currencies": [
            {
                "name": "Philippine peso",
                "iso3Code": "PHP",
                "symbol": "₱",
                "decimalPlaces": 2,
                "roundDirection": "STANDARD"
            }
        ]
    },
    {
        "country": {
            "name": "Benin",
            "iso3Code": "BEN",
            "iso2Code": "BJ"
        },
        "currencies": [
            {
                "name": "West African CFA franc",
                "iso3Code": "XOF",
                "symbol": "CFA",
                "decimalPlaces": 0,
                "roundDirection": "STANDARD"
            }
        ]
    },
    {
        "country": {
            "name": "Slovakia",
            "iso3Code": "SVK",
            "iso2Code": "SK"
        },
        "currencies": [
            {
                "name": "Euro",
                "iso3Code": "EUR",
                "symbol": "€",
                "decimalPlaces": 2,
                "roundDirection": "STANDARD"
            }
        ]
    },
    {
        "country": {
            "name": "South Korea",
            "iso3Code": "KOR",
            "iso2Code": "KR"
        },
        "currencies": [
            {
                "name": "Won",
                "iso3Code": "KRW",
                "symbol": "₩",
                "decimalPlaces": 0,
                "roundDirection": "UP"
            }
        ]
    },
    {
        "country": {
            "name": "Burkina Faso",
            "iso3Code": "BFA",
            "iso2Code": "BF"
        },
        "currencies": [
            {
                "name": "West African CFA franc",
                "iso3Code": "XOF",
                "symbol": "CFA",
                "decimalPlaces": 0,
                "roundDirection": "STANDARD"
            }
        ]
    },
    {
        "country": {
            "name": "Luxembourg",
            "iso3Code": "LUX",
            "iso2Code": "LU"
        },
        "currencies": [
            {
                "name": "Euro",
                "iso3Code": "EUR",
                "symbol": "€",
                "decimalPlaces": 2,
                "roundDirection": "STANDARD"
            }
        ]
    },
    {
        "country": {
            "name": "Chile",
            "iso3Code": "CHL",
            "iso2Code": "CL"
        },
        "currencies": [
            {
                "name": "Chilean peso",
                "iso3Code": "CLP",
                "symbol": "$",
                "decimalPlaces": 0,
                "roundDirection": "STANDARD"
            }
        ]
    },
    {
        "country": {
            "name": "Brazil",
            "iso3Code": "BRA",
            "iso2Code": "BR"
        },
        "currencies": [
            {
                "name": "Brazilian real",
                "iso3Code": "BRL",
                "symbol": "R$",
                "decimalPlaces": 2,
                "roundDirection": "STANDARD"
            }
        ]
    },
    {
        "country": {
            "name": "Lithuania",
            "iso3Code": "LTU",
            "iso2Code": "LT"
        },
        "currencies": [
            {
                "name": "Euro",
                "iso3Code": "EUR",
                "symbol": "€",
                "decimalPlaces": 2,
                "roundDirection": "STANDARD"
            }
        ]
    },
    {
        "country": {
            "name": "Nepal",
            "iso3Code": "NPL",
            "iso2Code": "NP"
        },
        "currencies": [
            {
                "name": "Nepalese rupee",
                "iso3Code": "NPR",
                "symbol": "₨",
                "decimalPlaces": 0,
                "roundDirection": "STANDARD"
            }
        ]
    },
    {
        "country": {
            "name": "Ghana",
            "iso3Code": "GHA",
            "iso2Code": "GH"
        },
        "currencies": [
            {
                "name": "Ghanaian cedi",
                "iso3Code": "GHS",
                "symbol": "GH₵",
                "decimalPlaces": 0,
                "roundDirection": "STANDARD"
            }
        ]
    },
    {
        "country": {
            "name": "Hungary",
            "iso3Code": "HUN",
            "iso2Code": "HU"
        },
        "currencies": [
            {
                "name": "Hungarian forint",
                "iso3Code": "HUF",
                "symbol": "Ft",
                "decimalPlaces": 0,
                "roundDirection": "STANDARD"
            }
        ]
    },
    {
        "country": {
            "name": "Monaco",
            "iso3Code": "MCO",
            "iso2Code": "MC"
        },
        "currencies": [
            {
                "name": "Euro",
                "iso3Code": "EUR",
                "symbol": "€",
                "decimalPlaces": 2,
                "roundDirection": "STANDARD"
            }
        ]
    },
    {
        "country": {
            "name": "Peru",
            "iso3Code": "PER",
            "iso2Code": "PE"
        },
        "currencies": [
            {
                "name": "Peruvian sol",
                "iso3Code": "PEN",
                "symbol": "S/.",
                "decimalPlaces": 2,
                "roundDirection": "STANDARD"
            }
        ]
    }
]
