[
  {
    "name": "Afghanistan",
    "iso3Code": "AFG",
    "callingCode": "93"
  },
  {
    "name": "Aland Islands",
    "iso3Code": "ALA",
    "callingCode": "358"
  },
  {
    "name": "Albania",
    "iso3Code": "ALB",
    "callingCode": "355"
  },
  {
    "name": "Algeria",
    "iso3Code": "DZA",
    "callingCode": "213"
  },
  {
    "name": "American Samoa",
    "iso3Code": "ASM",
    "callingCode": "1-684"
  },
  {
    "name": "Andorra",
    "iso3Code": "AND",
    "callingCode": "376"
  },
  {
    "name": "Angola",
    "iso3Code": "AGO",
    "callingCode": "244"
  },
  {
    "name": "Anguilla",
    "iso3Code": "AIA",
    "callingCode": "1-264"
  },
  {
    "name": "Antarctica",
    "iso3Code": "ATA",
    "callingCode": "672"
  },
  {
    "name": "Antigua and Barbuda",
    "iso3Code": "ATG",
    "callingCode": "1-268"
  },
  {
    "name": "Argentina",
    "iso3Code": "ARG",
    "callingCode": "54"
  },
  {
    "name": "Armenia",
    "iso3Code": "ARM",
    "callingCode": "374"
  },
  {
    "name": "Aruba",
    "iso3Code": "ABW",
    "callingCode": "297"
  },
  {
    "name": "Australia",
    "iso3Code": "AUS",
    "callingCode": "61"
  },
  {
    "name": "Austria",
    "iso3Code": "AUT",
    "callingCode": "43"
  },
  {
    "name": "Azerbaijan",
    "iso3Code": "AZE",
    "callingCode": "994"
  },
  {
    "name": "Bahamas",
    "iso3Code": "BHS",
    "callingCode": "1-242"
  },
  {
    "name": "Bahrain",
    "iso3Code": "BHR",
    "callingCode": "973"
  },
  {
    "name": "Bangladesh",
    "iso3Code": "BGD",
    "callingCode": "880"
  },
  {
    "name": "Barbados",
    "iso3Code": "BRB",
    "callingCode": "1-246"
  },
  {
    "name": "Belarus",
    "iso3Code": "BLR",
    "callingCode": "375"
  },
  {
    "name": "Belgium",
    "iso3Code": "BEL",
    "callingCode": "32"
  },
  {
    "name": "Belize",
    "iso3Code": "BLZ",
    "callingCode": "501"
  },
  {
    "name": "Benin",
    "iso3Code": "BEN",
    "callingCode": "229"
  },
  {
    "name": "Bermuda",
    "iso3Code": "BMU",
    "callingCode": "1-441"
  },
  {
    "name": "Bhutan",
    "iso3Code": "BTN",
    "callingCode": "975"
  },
  {
    "name": "Bolivia",
    "iso3Code": "BOL",
    "callingCode": "591"
  },
  {
    "name": "Bosnia and Herzegovina",
    "iso3Code": "BIH",
    "callingCode": "387"
  },
  {
    "name": "Botswana",
    "iso3Code": "BWA",
    "callingCode": "267"
  },
  {
    "name": "Bouvet Island",
    "iso3Code": "BVT",
    "callingCode": "47"
  },
  {
    "name": "Brazil",
    "iso3Code": "BRA",
    "callingCode": "55"
  },
  {
    "name": "British Virgin Islands",
    "iso3Code": "VGB",
    "callingCode": "1-284"
  },
  {
    "name": "British Indian Ocean Territory",
    "iso3Code": "IOT",
    "callingCode": "246"
  },
  {
    "name": "Brunei Darussalam",
    "iso3Code": "BRN",
    "callingCode": "673"
  },
  {
    "name": "Bulgaria",
    "iso3Code": "BGR",
    "callingCode": "359"
  },
  {
    "name": "Burkina Faso",
    "iso3Code": "BFA",
    "callingCode": "226"
  },
  {
    "name": "Burundi",
    "iso3Code": "BDI",
    "callingCode": "257"
  },
  {
    "name": "Cambodia",
    "iso3Code": "KHM",
    "callingCode": "855"
  },
  {
    "name": "Cameroon",
    "iso3Code": "CMR",
    "callingCode": "237"
  },
  {
    "name": "Canada",
    "iso3Code": "CAN",
    "callingCode": "1"
  },
  {
    "name": "Cape Verde",
    "iso3Code": "CPV",
    "callingCode": "238"
  },
  {
    "name": "Cayman Islands",
    "iso3Code": "CYM",
    "callingCode": "1-345"
  },
  {
    "name": "Central African Republic",
    "iso3Code": "CAF",
    "callingCode": "236"
  },
  {
    "name": "Chad",
    "iso3Code": "TCD",
    "callingCode": "235"
  },
  {
    "name": "Chile",
    "iso3Code": "CHL",
    "callingCode": "56"
  },
  {
    "name": "China",
    "iso3Code": "CHN",
    "callingCode": "86"
  },
  {
    "name": "Hong Kong, SAR China",
    "iso3Code": "HKG",
    "callingCode": "852"
  },
  {
    "name": "Macao, SAR China",
    "iso3Code": "MAC",
    "callingCode": "85"
  },
  {
    "name": "Christmas Island",
    "iso3Code": "CXR",
    "callingCode": "61"
  },
  {
    "name": "Cocos (Keeling) Islands",
    "iso3Code": "CCK",
    "callingCode": "61"
  },
  {
    "name": "Colombia",
    "iso3Code": "COL",
    "callingCode": "57"
  },
  {
    "name": "Comoros",
    "iso3Code": "COM",
    "callingCode": "269"
  },
  {
    "name": "Congo (Brazzaville)",
    "iso3Code": "COG",
    "callingCode": "242"
  },
  {
    "name": "Congo, (Kinshasa)",
    "iso3Code": "COD",
    "callingCode": "243"
  },
  {
    "name": "Cook Islands",
    "iso3Code": "COK",
    "callingCode": "682"
  },
  {
    "name": "Costa Rica",
    "iso3Code": "CRI",
    "callingCode": "506"
  },
  {
    "name": "Côte d'Ivoire",
    "iso3Code": "CIV",
    "callingCode": "225"
  },
  {
    "name": "Croatia",
    "iso3Code": "HRV",
    "callingCode": "385"
  },
  {
    "name": "Cuba",
    "iso3Code": "CUB",
    "callingCode": "53"
  },
  {
    "name": "Cyprus",
    "iso3Code": "CYP",
    "callingCode": "357"
  },
  {
    "name": "Czech Republic",
    "iso3Code": "CZE",
    "callingCode": "420"
  },
  {
    "name": "Denmark",
    "iso3Code": "DNK",
    "callingCode": "45"
  },
  {
    "name": "Djibouti",
    "iso3Code": "DJI",
    "callingCode": "253"
  },
  {
    "name": "Dominica",
    "iso3Code": "DMA",
    "callingCode": "1-767"
  },
  {
    "name": "Dominican Republic",
    "iso3Code": "DOM",
    "callingCode": "1-809"
  },
  {
    "name": "Dominican Republic",
    "iso3Code": "DOM",
    "callingCode": "1-829"
  },
  {
    "name": "Dominican Republic",
    "iso3Code": "DOM",
    "callingCode": "1-849"
  },
  {
    "name": "Ecuador",
    "iso3Code": "ECU",
    "callingCode": "593"
  },
  {
    "name": "Egypt",
    "iso3Code": "EGY",
    "callingCode": "20"
  },
  {
    "name": "El Salvador",
    "iso3Code": "SLV",
    "callingCode": "503"
  },
  {
    "name": "Equatorial Guinea",
    "iso3Code": "GNQ",
    "callingCode": "240"
  },
  {
    "name": "Eritrea",
    "iso3Code": "ERI",
    "callingCode": "291"
  },
  {
    "name": "Estonia",
    "iso3Code": "EST",
    "callingCode": "372"
  },
  {
    "name": "Ethiopia",
    "iso3Code": "ETH",
    "callingCode": "251"
  },
  {
    "name": "Falkland Islands (Malvinas)",
    "iso3Code": "FLK",
    "callingCode": "500"
  },
  {
    "name": "Faroe Islands",
    "iso3Code": "FRO",
    "callingCode": "298"
  },
  {
    "name": "Fiji",
    "iso3Code": "FJI",
    "callingCode": "679"
  },
  {
    "name": "Finland",
    "iso3Code": "FIN",
    "callingCode": "358"
  },
  {
    "name": "France",
    "iso3Code": "FRA",
    "callingCode": "33"
  },
  {
    "name": "French Guiana",
    "iso3Code": "GUF",
    "callingCode": "594"
  },
  {
    "name": "French Polynesia",
    "iso3Code": "PYF",
    "callingCode": "689"
  },
  {
    "name": "French Southern Territories",
    "iso3Code": "ATF",
    "callingCode": "262"
  },
  {
    "name": "Gabon",
    "iso3Code": "GAB",
    "callingCode": "241"
  },
  {
    "name": "Gambia",
    "iso3Code": "GMB",
    "callingCode": "220"
  },
  {
    "name": "Georgia",
    "iso3Code": "GEO",
    "callingCode": "995"
  },
  {
    "name": "Germany",
    "iso3Code": "DEU",
    "callingCode": "49"
  },
  {
    "name": "Ghana",
    "iso3Code": "GHA",
    "callingCode": "233"
  },
  {
    "name": "Gibraltar",
    "iso3Code": "GIB",
    "callingCode": "350"
  },
  {
    "name": "Greece",
    "iso3Code": "GRC",
    "callingCode": "30"
  },
  {
    "name": "Greenland",
    "iso3Code": "GRL",
    "callingCode": "299"
  },
  {
    "name": "Grenada",
    "iso3Code": "GRD",
    "callingCode": "1-473"
  },
  {
    "name": "Guadeloupe",
    "iso3Code": "GLP",
    "callingCode": "590"
  },
  {
    "name": "Guam",
    "iso3Code": "GUM",
    "callingCode": "1-671"
  },
  {
    "name": "Guatemala",
    "iso3Code": "GTM",
    "callingCode": "502"
  },
  {
    "name": "Guernsey",
    "iso3Code": "GGY",
    "callingCode": "44"
  },
  {
    "name": "Guinea",
    "iso3Code": "GIN",
    "callingCode": "224"
  },
  {
    "name": "Guinea-Bissau",
    "iso3Code": "GNB",
    "callingCode": "245"
  },
  {
    "name": "Guyana",
    "iso3Code": "GUY",
    "callingCode": "592"
  },
  {
    "name": "Haiti",
    "iso3Code": "HTI",
    "callingCode": "509"
  },
  {
    "name": "Heard and Mcdonald Islands",
    "iso3Code": "HMD",
    "callingCode": "672"
  },
  {
    "name": "Holy See (Vatican City State)",
    "iso3Code": "VAT",
    "callingCode": "379"
  },
  {
    "name": "Honduras",
    "iso3Code": "HND",
    "callingCode": "504"
  },
  {
    "name": "Hungary",
    "iso3Code": "HUN",
    "callingCode": "36"
  },
  {
    "name": "Iceland",
    "iso3Code": "ISL",
    "callingCode": "354"
  },
  {
    "name": "India",
    "iso3Code": "IND",
    "callingCode": "91"
  },
  {
    "name": "Indonesia",
    "iso3Code": "IDN",
    "callingCode": "62"
  },
  {
    "name": "Iran, Islamic Republic of",
    "iso3Code": "IRN",
    "callingCode": "98"
  },
  {
    "name": "Iraq",
    "iso3Code": "IRQ",
    "callingCode": "964"
  },
  {
    "name": "Ireland",
    "iso3Code": "IRL",
    "callingCode": "353"
  },
  {
    "name": "Isle of Man",
    "iso3Code": "IMN",
    "callingCode": "44"
  },
  {
    "name": "Israel",
    "iso3Code": "ISR",
    "callingCode": "972"
  },
  {
    "name": "Italy",
    "iso3Code": "ITA",
    "callingCode": "39"
  },
  {
    "name": "Jamaica",
    "iso3Code": "JAM",
    "callingCode": "1-876"
  },
  {
    "name": "Japan",
    "iso3Code": "JPN",
    "callingCode": "81"
  },
  {
    "name": "Jersey",
    "iso3Code": "JEY",
    "callingCode": "44"
  },
  {
    "name": "Jordan",
    "iso3Code": "JOR",
    "callingCode": "962"
  },
  {
    "name": "Kazakhstan",
    "iso3Code": "KAZ",
    "callingCode": "7"
  },
  {
    "name": "Kenya",
    "iso3Code": "KEN",
    "callingCode": "254"
  },
  {
    "name": "Kiribati",
    "iso3Code": "KIR",
    "callingCode": "686"
  },
  {
    "name": "Korea (North)",
    "iso3Code": "PRK",
    "callingCode": "850"
  },
  {
    "name": "Korea (South)",
    "iso3Code": "KOR",
    "callingCode": "82"
  },
  {
    "name": "Kuwait",
    "iso3Code": "KWT",
    "callingCode": "965"
  },
  {
    "name": "Kyrgyzstan",
    "iso3Code": "KGZ",
    "callingCode": "996"
  },
  {
    "name": "Lao PDR",
    "iso3Code": "LAO",
    "callingCode": "856"
  },
  {
    "name": "Latvia",
    "iso3Code": "LVA",
    "callingCode": "371"
  },
  {
    "name": "Lebanon",
    "iso3Code": "LBN",
    "callingCode": "961"
  },
  {
    "name": "Lesotho",
    "iso3Code": "LSO",
    "callingCode": "266"
  },
  {
    "name": "Liberia",
    "iso3Code": "LBR",
    "callingCode": "231"
  },
  {
    "name": "Libya",
    "iso3Code": "LBY",
    "callingCode": "218"
  },
  {
    "name": "Liechtenstein",
    "iso3Code": "LIE",
    "callingCode": "423"
  },
  {
    "name": "Lithuania",
    "iso3Code": "LTU",
    "callingCode": "370"
  },
  {
    "name": "Luxembourg",
    "iso3Code": "LUX",
    "callingCode": "352"
  },
  {
    "name": "Macedonia, Republic of",
    "iso3Code": "MKD",
    "callingCode": "389"
  },
  {
    "name": "Madagascar",
    "iso3Code": "MDG",
    "callingCode": "261"
  },
  {
    "name": "Malawi",
    "iso3Code": "MWI",
    "callingCode": "265"
  },
  {
    "name": "Malaysia",
    "iso3Code": "MYS",
    "callingCode": "60"
  },
  {
    "name": "Maldives",
    "iso3Code": "MDV",
    "callingCode": "960"
  },
  {
    "name": "Mali",
    "iso3Code": "MLI",
    "callingCode": "223"
  },
  {
    "name": "Malta",
    "iso3Code": "MLT",
    "callingCode": "356"
  },
  {
    "name": "Marshall Islands",
    "iso3Code": "MHL",
    "callingCode": "692"
  },
  {
    "name": "Martinique",
    "iso3Code": "MTQ",
    "callingCode": "596"
  },
  {
    "name": "Mauritania",
    "iso3Code": "MRT",
    "callingCode": "222"
  },
  {
    "name": "Mauritius",
    "iso3Code": "MUS",
    "callingCode": "230"
  },
  {
    "name": "Mayotte",
    "iso3Code": "MYT",
    "callingCode": "262"
  },
  {
    "name": "Mexico",
    "iso3Code": "MEX",
    "callingCode": "52"
  },
  {
    "name": "Micronesia, Federated States of",
    "iso3Code": "FSM",
    "callingCode": "691"
  },
  {
    "name": "Moldova, Republic of",
    "iso3Code": "MDA",
    "callingCode": "373"
  },
  {
    "name": "Monaco",
    "iso3Code": "MCO",
    "callingCode": "377"
  },
  {
    "name": "Mongolia",
    "iso3Code": "MNG",
    "callingCode": "976"
  },
  {
    "name": "Montenegro",
    "iso3Code": "MNE",
    "callingCode": "382"
  },
  {
    "name": "Montserrat",
    "iso3Code": "MSR",
    "callingCode": "1-664"
  },
  {
    "name": "Morocco",
    "iso3Code": "MAR",
    "callingCode": "212"
  },
  {
    "name": "Mozambique",
    "iso3Code": "MOZ",
    "callingCode": "258"
  },
  {
    "name": "Myanmar",
    "iso3Code": "MMR",
    "callingCode": "95"
  },
  {
    "name": "Namibia",
    "iso3Code": "NAM",
    "callingCode": "264"
  },
  {
    "name": "Nauru",
    "iso3Code": "NRU",
    "callingCode": "674"
  },
  {
    "name": "Nepal",
    "iso3Code": "NPL",
    "callingCode": "977"
  },
  {
    "name": "Netherlands",
    "iso3Code": "NLD",
    "callingCode": "31"
  },
  {
    "name": "New Caledonia",
    "iso3Code": "NCL",
    "callingCode": "687"
  },
  {
    "name": "New Zealand",
    "iso3Code": "NZL",
    "callingCode": "64"
  },
  {
    "name": "Nicaragua",
    "iso3Code": "NIC",
    "callingCode": "505"
  },
  {
    "name": "Niger",
    "iso3Code": "NER",
    "callingCode": "227"
  },
  {
    "name": "Nigeria",
    "iso3Code": "NGA",
    "callingCode": "234"
  },
  {
    "name": "Niue",
    "iso3Code": "NIU",
    "callingCode": "683"
  },
  {
    "name": "Norfolk Island",
    "iso3Code": "NFK",
    "callingCode": "672"
  },
  {
    "name": "Northern Mariana Islands",
    "iso3Code": "MNP",
    "callingCode": "1-670"
  },
  {
    "name": "Norway",
    "iso3Code": "NOR",
    "callingCode": "47"
  },
  {
    "name": "Oman",
    "iso3Code": "OMN",
    "callingCode": "968"
  },
  {
    "name": "Pakistan",
    "iso3Code": "PAK",
    "callingCode": "92"
  },
  {
    "name": "Palau",
    "iso3Code": "PLW",
    "callingCode": "680"
  },
  {
    "name": "Palestinian Territory",
    "iso3Code": "PSE",
    "callingCode": "970"
  },
  {
    "name": "Panama",
    "iso3Code": "PAN",
    "callingCode": "507"
  },
  {
    "name": "Papua New Guinea",
    "iso3Code": "PNG",
    "callingCode": "675"
  },
  {
    "name": "Paraguay",
    "iso3Code": "PRY",
    "callingCode": "595"
  },
  {
    "name": "Peru",
    "iso3Code": "PER",
    "callingCode": "51"
  },
  {
    "name": "Philippines",
    "iso3Code": "PHL",
    "callingCode": "63"
  },
  {
    "name": "Pitcairn",
    "iso3Code": "PCN",
    "callingCode": "870"
  },
  {
    "name": "Poland",
    "iso3Code": "POL",
    "callingCode": "48"
  },
  {
    "name": "Portugal",
    "iso3Code": "PRT",
    "callingCode": "351"
  },
  {
    "name": "Puerto Rico",
    "iso3Code": "PRI",
    "callingCode": "1-787"
  },
  {
    "name": "Puerto Rico",
    "iso3Code": "PRI",
    "callingCode": "1-939"
  },
  {
    "name": "Qatar",
    "iso3Code": "QAT",
    "callingCode": "974"
  },
  {
    "name": "Réunion",
    "iso3Code": "REU",
    "callingCode": "262"
  },
  {
    "name": "Romania",
    "iso3Code": "ROU",
    "callingCode": "40"
  },
  {
    "name": "Russian Federation",
    "iso3Code": "RUS",
    "callingCode": "7"
  },
  {
    "name": "Rwanda",
    "iso3Code": "RWA",
    "callingCode": "250"
  },
  {
    "name": "Saint-Barthélemy",
    "iso3Code": "BLM",
    "callingCode": "590"
  },
  {
    "name": "Saint Helena",
    "iso3Code": "SHN",
    "callingCode": "290"
  },
  {
    "name": "Saint Kitts and Nevis",
    "iso3Code": "KNA",
    "callingCode": "1-869"
  },
  {
    "name": "Saint Lucia",
    "iso3Code": "LCA",
    "callingCode": "1-758"
  },
  {
    "name": "Saint-Martin (French)",
    "iso3Code": "MAF",
    "callingCode": "590"
  },
  {
    "name": "Saint Pierre and Miquelon",
    "iso3Code": "SPM",
    "callingCode": "508"
  },
  {
    "name": "Saint Vincent and Grenadines",
    "iso3Code": "VCT",
    "callingCode": "1-784"
  },
  {
    "name": "Samoa",
    "iso3Code": "WSM",
    "callingCode": "685"
  },
  {
    "name": "San Marino",
    "iso3Code": "SMR",
    "callingCode": "378"
  },
  {
    "name": "Sao Tome and Principe",
    "iso3Code": "STP",
    "callingCode": "239"
  },
  {
    "name": "Saudi Arabia",
    "iso3Code": "SAU",
    "callingCode": "966"
  },
  {
    "name": "Senegal",
    "iso3Code": "SEN",
    "callingCode": "221"
  },
  {
    "name": "Serbia",
    "iso3Code": "SRB",
    "callingCode": "381"
  },
  {
    "name": "Seychelles",
    "iso3Code": "SYC",
    "callingCode": "248"
  },
  {
    "name": "Sierra Leone",
    "iso3Code": "SLE",
    "callingCode": "232"
  },
  {
    "name": "Singapore",
    "iso3Code": "SGP",
    "callingCode": "65"
  },
  {
    "name": "Slovakia",
    "iso3Code": "SVK",
    "callingCode": "421"
  },
  {
    "name": "Slovenia",
    "iso3Code": "SVN",
    "callingCode": "386"
  },
  {
    "name": "Solomon Islands",
    "iso3Code": "SLB",
    "callingCode": "677"
  },
  {
    "name": "Somalia",
    "iso3Code": "SOM",
    "callingCode": "252"
  },
  {
    "name": "South Africa",
    "iso3Code": "ZAF",
    "callingCode": "27"
  },
  {
    "name": "South Georgia and the South Sandwich Islands",
    "iso3Code": "SGS",
    "callingCode": "500"
  },
  {
    "name": "South Sudan",
    "iso3Code": "SSD",
    "callingCode": "211"
  },
  {
    "name": "Spain",
    "iso3Code": "ESP",
    "callingCode": "34"
  },
  {
    "name": "Sri Lanka",
    "iso3Code": "LKA",
    "callingCode": "94"
  },
  {
    "name": "Sudan",
    "iso3Code": "SDN",
    "callingCode": "249"
  },
  {
    "name": "Suriname",
    "iso3Code": "SUR",
    "callingCode": "597"
  },
  {
    "name": "Svalbard and Jan Mayen Islands",
    "iso3Code": "SJM",
    "callingCode": "47"
  },
  {
    "name": "Swaziland",
    "iso3Code": "SWZ",
    "callingCode": "268"
  },
  {
    "name": "Sweden",
    "iso3Code": "SWE",
    "callingCode": "46"
  },
  {
    "name": "Switzerland",
    "iso3Code": "CHE",
    "callingCode": "41"
  },
  {
    "name": "Syrian Arab Republic (Syria)",
    "iso3Code": "SYR",
    "callingCode": "963"
  },
  {
    "name": "Taiwan, Republic of China",
    "iso3Code": "TWN",
    "callingCode": "886"
  },
  {
    "name": "Tajikistan",
    "iso3Code": "TJK",
    "callingCode": "992"
  },
  {
    "name": "Tanzania, United Republic of",
    "iso3Code": "TZA",
    "callingCode": "255"
  },
  {
    "name": "Thailand",
    "iso3Code": "THA",
    "callingCode": "66"
  },
  {
    "name": "Timor-Leste",
    "iso3Code": "TLS",
    "callingCode": "670"
  },
  {
    "name": "Togo",
    "iso3Code": "TGO",
    "callingCode": "228"
  },
  {
    "name": "Tokelau",
    "iso3Code": "TKL",
    "callingCode": "690"
  },
  {
    "name": "Tonga",
    "iso3Code": "TON",
    "callingCode": "676"
  },
  {
    "name": "Trinidad and Tobago",
    "iso3Code": "TTO",
    "callingCode": "1-868"
  },
  {
    "name": "Tunisia",
    "iso3Code": "TUN",
    "callingCode": "216"
  },
  {
    "name": "Turkey",
    "iso3Code": "TUR",
    "callingCode": "90"
  },
  {
    "name": "Turkmenistan",
    "iso3Code": "TKM",
    "callingCode": "993"
  },
  {
    "name": "Turks and Caicos Islands",
    "iso3Code": "TCA",
    "callingCode": "1-649"
  },
  {
    "name": "Tuvalu",
    "iso3Code": "TUV",
    "callingCode": "688"
  },
  {
    "name": "Uganda",
    "iso3Code": "UGA",
    "callingCode": "256"
  },
  {
    "name": "Ukraine",
    "iso3Code": "UKR",
    "callingCode": "380"
  },
  {
    "name": "United Arab Emirates",
    "iso3Code": "ARE",
    "callingCode": "971"
  },
  {
    "name": "United Kingdom",
    "iso3Code": "GBR",
    "callingCode": "44"
  },
  {
    "name": "United States of America",
    "iso3Code": "USA",
    "callingCode": "1"
  },
  {
    "name": "US Minor Outlying Islands",
    "iso3Code": "UMI",
    "callingCode": "1"
  },
  {
    "name": "Uruguay",
    "iso3Code": "URY",
    "callingCode": "598"
  },
  {
    "name": "Uzbekistan",
    "iso3Code": "UZB",
    "callingCode": "998"
  },
  {
    "name": "Vanuatu",
    "iso3Code": "VUT",
    "callingCode": "678"
  },
  {
    "name": "Venezuela (Bolivarian Republic)",
    "iso3Code": "VEN",
    "callingCode": "58"
  },
  {
    "name": "Vietnam",
    "iso3Code": "VNM",
    "callingCode": "84"
  },
  {
    "name": "Virgin Islands, US",
    "iso3Code": "VIR",
    "callingCode": "1-340"
  },
  {
    "name": "Wallis and Futuna Islands",
    "iso3Code": "WLF",
    "callingCode": "681"
  },
  {
    "name": "Western Sahara",
    "iso3Code": "ESH",
    "callingCode": "212"
  },
  {
    "name": "Yemen",
    "iso3Code": "YEM",
    "callingCode": "967"
  },
  {
    "name": "Zambia",
    "iso3Code": "ZMB",
    "callingCode": "260"
  },
  {
    "name": "Zimbabwe",
    "iso3Code": "ZWE",
    "callingCode": "263"
  }
]
